Segment,CustomerCount,TotalRevenue,AvgMonetary,RevenuePct,CustomerPct
活躍 VIP,1491,12948558.377,8684.479126089873,73.06,25.37
沈睡 VIP,441,1818066.424,4122.5996009070295,10.26,7.5
一般流失,2547,1629269.854,639.6819214762465,9.19,43.34
一般活躍,815,1077713.492,1322.3478429447853,6.08,13.87
潛力新客,583,248398.731,426.0698644939966,1.4,9.92
